benchmark number,best/f-time,best/f-properties,best-time,best-properties,base+g-time,base+g-properties,best-d-time,best-d-properties,best/f-d-time,best/f-d-properties,base-time,base-properties
1,0,46,0,46,0,46,0,46,0,46,0,46
2,6,195,6,200,6,201,6,200,6,198,4,201
3,6,237,6,242,6,243,6,242,6,240,5,243
4,6,1683,6,1688,7,1689,7,1688,6,1686,6,1689
5,6,1703,6,1708,8,1709,7,1708,6,1706,6,1709
6,6,1960,6,1965,8,1966,7,1965,7,1963,7,1966
7,12,1986,12,1991,14,1991,13,1989,13,1989,13,1992
8,18,1988,18,1993,20,1992,19,1991,19,1991,19,1993
9,18,2034,18,2039,21,2038,19,2037,19,2037,19,2039
10,18,2102,18,2107,21,2106,19,2105,19,2105,19,2107
11,19,2308,19,2313,23,2312,21,2311,20,2311,20,2313
12,20,2445,19,2450,23,2449,21,2448,21,2448,21,2450
13,20,2510,19,2515,23,2514,21,2513,21,2513,21,2515
14,26,2511,25,2516,29,2515,27,2514,27,2514,26,2516
15,32,2576,31,2581,35,2580,33,2579,33,2579,32,2581
16,32,2608,31,2613,35,2612,33,2611,33,2611,32,2613
17,33,3128,32,3133,36,3132,33,3131,34,3131,33,3133
18,34,3160,33,3165,38,3164,36,3163,36,3163,35,3165
19,34,3305,33,3310,39,3309,36,3308,36,3308,35,3310
20,37,3354,34,3359,40,3358,37,3357,37,3357,37,3359
21,37,3385,34,3390,40,3389,37,3388,37,3388,37,3390
22,37,3429,34,3434,40,3433,37,3432,38,3432,37,3434
23,37,3455,34,3460,40,3459,37,3458,38,3458,37,3460
24,43,3696,37,3701,43,3700,40,3699,41,3699,40,3701
25,43,3712,38,3717,43,3716,40,3715,41,3715,40,3717
26,49,3714,38,3783,43,3782,40,3781,41,3781,40,3783
27,49,3787,38,3856,43,3855,40,3854,41,3854,40,3856
28,49,3797,38,3866,44,3865,41,3864,41,3864,41,3866
29,49,3884,38,3953,44,3952,41,3951,41,3951,41,3953
30,49,4105,38,4174,44,4173,41,4172,41,4172,41,4174
31,50,4169,38,4238,44,4237,41,4236,41,4236,41,4238
32,50,4242,38,4311,44,4310,41,4309,41,4309,41,4311
33,50,4251,38,4320,45,4319,41,4318,41,4318,41,4320
34,56,4902,44,5012,51,5011,47,4969,47,5018,46,4967
35,56,4918,44,5028,51,5027,47,4985,47,5034,47,4983
36,56,4950,44,5060,51,5059,47,5017,47,5066,47,5015
37,56,5078,44,5188,51,5187,47,5145,48,5194,47,5143
38,56,5118,44,5228,51,5227,47,5185,48,5234,47,5183
39,56,5375,44,5485,52,5484,47,5442,48,5491,47,5440
40,56,5561,44,5671,52,5670,47,5628,48,5677,47,5626
41,56,5577,44,5687,52,5686,48,5644,48,5693,47,5642
42,56,5701,44,5811,52,5810,48,5768,48,5817,48,5766
43,56,5782,44,5892,52,5891,48,5849,48,5898,48,5847
44,58,5873,46,5983,54,5982,50,5940,50,5989,49,5938
45,58,5920,46,6030,54,6029,50,5987,50,6036,49,5985
46,58,6065,46,6175,55,6174,50,6132,50,6181,50,6130
47,58,6138,46,6248,55,6247,50,6205,50,6254,50,6203
48,58,6202,46,6312,55,6311,50,6269,50,6318,51,6267
49,59,6243,46,6353,55,6352,50,6310,50,6359,51,6308
50,59,6306,46,6416,55,6415,50,6373,50,6422,51,6371
51,65,8761,52,9441,61,7643,56,8504,56,8967,56,7623
52,65,8825,53,9505,61,7707,57,8568,56,9031,56,7687
53,65,9113,53,9793,62,7995,57,8856,56,9319,56,7975
54,65,9374,53,10054,62,8256,57,9117,57,9580,57,8236
55,65,9446,53,10126,63,8328,57,9189,57,9652,57,8308
56,65,9464,53,10144,63,8346,57,9207,57,9670,57,8326
57,66,18168,54,18848,64,17050,58,17911,58,18374,63,14802
58,69,18376,55,19056,67,17258,60,18119,60,18582,65,15010
59,69,18394,56,19074,67,17276,60,18137,60,18600,65,15028
60,69,18438,56,19118,67,17320,60,18181,60,18644,65,15072
61,69,18474,56,19154,67,17356,60,18217,60,18680,65,15108
62,75,18506,62,19177,73,17388,66,18249,66,18712,70,15140
63,75,18794,62,19465,73,17676,66,18537,66,19000,70,15428
64,75,18903,62,19574,74,17785,66,18646,66,19109,71,15537
65,75,18923,62,19594,74,17805,66,18666,66,19129,71,15557
66,75,19128,62,19799,74,18010,66,18871,66,19334,71,15762
67,81,19198,68,19847,80,18058,72,18919,72,19382,77,15810
68,87,19200,74,19849,86,18059,78,18921,78,19384,83,15813
69,87,19457,74,20106,87,18316,79,19178,78,19641,84,16070
70,87,19510,74,20159,87,18369,79,19231,79,19694,84,16123
71,88,19530,74,20179,87,18389,79,19251,79,19714,85,16143
72,88,19546,74,20195,88,18405,79,19267,79,19730,85,16159
73,90,20132,76,20781,89,18991,80,19853,80,20316,86,16745
74,90,20179,76,20828,89,19038,80,19900,80,20363,86,16792
75,90,20229,76,20878,89,19088,80,19950,81,20413,86,16842
76,90,20247,76,20896,89,19106,80,19968,81,20431,86,16860
77,90,20439,76,21088,90,19298,81,20160,81,20623,87,17052
78,90,20447,76,21096,90,19306,81,20168,81,20631,87,17060
79,90,20757,76,21406,96,19607,81,20478,81,20941,93,17365
80,90,20793,76,21442,96,19643,81,20514,81,20977,93,17401
81,90,20802,76,21451,96,19652,81,20523,81,20986,93,17410
82,96,20867,82,21516,102,19717,87,20588,86,21075,99,17475
83,96,20896,82,21545,102,19746,87,20617,86,21104,99,17504
84,97,20949,82,21598,103,19799,88,20670,87,21157,100,17557
85,97,20975,82,21624,103,19825,88,20696,87,21183,100,17583
86,103,22041,88,24415,109,21419,94,23300,93,23461,106,19253
87,103,22071,88,24445,109,21449,94,23330,93,23491,106,19283
88,103,22226,88,24600,109,21604,94,23485,93,23646,106,19438
89,103,22244,89,24618,109,21622,94,23503,93,23664,106,19456
90,103,22312,89,24686,109,21690,94,23571,93,23732,106,19524
91,103,22433,89,24807,110,21811,94,23692,93,23853,106,19645
92,103,22466,89,24840,110,21844,94,23725,93,23886,106,19678
93,109,22468,95,24842,116,21846,100,23727,99,23888,112,19680
94,109,22489,95,24863,116,21867,100,23748,99,23909,112,19701
95,112,22697,96,25071,118,22075,102,23956,101,24117,112,19909
96,112,22747,96,25121,118,22125,102,24006,101,24167,112,19959
97,112,22821,96,25195,118,22199,102,24080,101,24241,112,20033
98,112,22837,96,25211,118,22215,102,24096,101,24257,112,20049
99,118,22902,99,25300,124,22285,104,24185,103,24346,118,20114
100,118,22913,99,25311,124,22296,104,24196,103,24357,119,20125
101,119,23580,100,25978,125,22963,105,24863,104,25024,120,20792
102,119,23619,100,26017,126,23002,105,24902,104,25063,120,20831
103,119,23659,100,26057,126,23042,105,24942,104,25103,120,20871
104,120,23679,100,26077,126,23062,106,24962,104,25123,120,20891
105,120,23701,100,26099,126,23084,106,24984,105,25145,120,20913
106,120,23833,100,26231,126,23216,106,25116,105,25277,120,21045
107,124,23840,102,26238,128,23223,107,25123,106,25284,122,21052
108,124,23885,102,26283,128,23268,107,25168,106,25329,122,21097
109,124,24006,102,26404,128,23389,107,25289,106,25450,123,21218
110,124,24015,102,26413,129,23398,108,25298,107,25459,123,21227
111,130,24025,108,26424,135,23408,114,25307,113,25469,129,21237
112,130,24036,108,26435,135,23419,114,25318,113,25480,129,21248
113,130,24047,108,26446,135,23430,114,25329,113,25491,129,21259
114,135,24114,112,26513,138,23497,117,25396,116,25558,133,21326
115,135,24121,112,26520,138,23504,117,25403,116,25565,133,21333
116,141,24122,118,26521,144,23506,123,25405,122,25567,139,21334
117,141,24266,118,26665,144,23650,123,25549,122,25711,139,21478
118,142,24360,118,26759,145,23744,123,25643,123,25805,140,21572
119,142,24386,118,26785,145,23770,123,25669,123,25831,140,21598
120,142,24457,118,26856,146,23841,124,25740,123,25902,140,21669
121,142,24586,118,26985,147,23970,125,25869,123,26031,141,21798
122,142,24651,119,27050,147,24035,125,25934,123,26096,142,21863
123,142,24696,119,27095,147,24080,125,25979,123,26141,142,21908
124,148,24698,125,27097,153,24082,131,25981,129,26143,148,21910
125,148,24736,125,27135,154,24120,131,26019,129,26181,148,21948
126,148,24746,125,27145,154,24130,131,26029,129,26191,148,21958
127,149,24831,125,27230,154,24215,131,26114,129,26276,148,22043
128,150,24916,126,27315,155,24300,132,26199,131,26361,149,22128
129,153,25174,129,27573,158,24558,135,26457,133,26619,152,22386
130,153,25181,129,27580,158,24565,135,26464,133,26626,152,22393
131,153,25199,129,27598,158,24583,135,26482,133,26644,152,22411
132,156,28575,129,30974,162,27959,135,29858,134,30020,157,25787
133,156,28647,129,31046,162,28031,136,29930,134,30092,158,25859
134,162,29261,135,31677,168,28657,142,30556,140,30721,164,26486
135,168,29320,141,31743,174,28660,148,30622,146,30788,170,26489
136,168,29358,142,31781,176,28698,148,30660,147,30826,170,26527
137,168,29376,142,31799,176,28716,148,30678,147,30844,170,26545
138,169,29774,142,32197,177,29114,149,31076,147,31242,171,26943
139,170,29835,143,32258,177,29175,149,31137,148,31303,171,27004
140,176,29835,149,32258,183,29175,155,31137,154,31303,177,27004
141,176,29935,149,32358,183,29275,155,31237,154,31403,177,27104
142,176,29959,149,32382,183,29299,155,31261,154,31427,177,27128
143,176,30186,149,32609,183,29526,155,31488,154,31654,177,27355
144,176,30198,149,32621,183,29538,155,31500,154,31666,177,27367
145,176,30216,149,32639,183,29556,155,31518,154,31684,177,27385
146,176,30282,149,32705,183,29622,155,31584,154,31750,177,27451
147,176,30322,149,32745,183,29662,155,31624,154,31790,177,27491
148,176,30334,149,32757,183,29674,156,31636,154,31802,178,27503
149,176,30426,149,32849,184,29766,156,31728,154,31894,178,27595
150,176,30444,149,32867,184,29784,156,31746,154,31912,178,27613
151,176,30452,149,32875,184,29792,156,31754,154,31920,178,27621
152,179,30660,151,33083,185,30000,158,31962,156,32128,178,27829
153,179,30921,151,33344,186,30261,158,32223,156,32389,179,28090
154,182,34153,152,36576,187,33493,160,35455,158,35621,180,31322
155,182,34181,152,36604,187,33521,160,35483,158,35649,180,31350
156,188,35558,158,40080,193,35694,166,38278,164,38721,186,33410
157,188,35567,158,40089,193,35703,166,38287,164,38730,186,33419
158,194,35634,165,40242,199,35724,172,38309,170,38896,191,33529
159,195,35763,166,40371,201,35853,173,38438,171,39025,193,33658
160,195,35787,166,40395,201,35877,173,38462,171,39049,193,33682
161,196,35889,166,40497,202,35979,174,38564,172,39151,194,33784
162,196,35991,166,40599,202,36081,174,38666,172,39253,194,33886
163,196,36031,166,40639,202,36121,174,38706,172,39293,194,33926
164,196,36095,166,40703,202,36185,174,38770,172,39357,194,33990
165,202,36431,172,41159,208,36510,180,39132,178,39788,200,34320
166,202,36495,172,41223,208,36574,180,39196,178,39852,200,34384
167,202,36516,172,41244,208,36595,180,39217,178,39873,200,34405
168,202,36645,172,41373,209,36724,181,39346,178,40002,201,34534
169,205,36910,174,41638,211,36989,182,39611,180,40267,203,34799
170,211,36910,180,41638,217,36989,188,39611,186,40267,208,34799
171,211,36954,180,41682,217,37033,188,39655,186,40311,208,34843
172,211,37211,180,41939,218,37290,189,39912,186,40568,209,35100
173,211,37223,180,41951,218,37302,189,39924,186,40580,209,35112
174,211,37295,180,42023,218,37374,189,39996,186,40652,209,35184
175,212,37373,180,42101,218,37452,189,40074,186,40730,209,35262
176,218,37419,186,42160,225,37501,195,40109,192,40788,214,35306
177,224,37422,192,42164,231,37505,201,40113,198,40792,220,35310
178,224,37440,192,42182,231,37523,201,40131,198,40810,220,35328
179,224,37697,192,42439,231,37780,201,40388,198,41067,221,35585
180,224,37784,192,42526,231,37867,202,40475,199,41154,221,35672
181,224,37853,192,42595,232,37936,202,40544,199,41223,221,35741
182,224,37869,192,42611,232,37952,202,40560,199,41239,221,35757
183,224,37903,192,42645,232,37986,202,40594,199,41273,221,35791
184,224,38016,193,42758,232,38099,202,40707,199,41386,222,35904
185,226,38775,193,43517,232,38858,202,41466,199,42145,222,36663
186,226,39067,193,43809,233,39150,202,41758,199,42437,222,36955
187,227,39152,194,43894,234,39235,203,41843,201,42522,223,37040
188,227,39181,194,43923,234,39264,203,41872,201,42551,223,37069
189,227,39209,194,43951,234,39292,203,41900,201,42579,223,37097
190,227,39218,194,43960,234,39301,203,41909,201,42588,223,37106
191,233,39229,200,44253,240,39594,209,42089,207,42881,229,37399
192,239,39229,206,44253,246,39596,215,42092,213,42881,235,37399
193,242,39262,208,44286,248,39629,217,42125,215,42914,237,37432
194,248,39262,214,44286,254,39629,223,42125,221,42914,243,37432
195,248,39272,214,44296,255,39639,224,42135,221,42924,244,37442
196,249,39375,215,44399,255,39742,225,42238,222,43027,245,37545
197,249,39765,215,44789,255,40132,225,42628,222,43417,245,37935
198,249,39815,215,44839,255,40182,225,42678,222,43467,245,37985
199,249,39895,215,44919,256,40262,225,42758,222,43547,245,38065
200,255,39907,221,44931,262,40274,231,42771,228,43560,250,38077
201,261,39958,223,45099,267,40442,236,42939,230,43728,252,38245
202,261,39983,224,45124,267,40467,237,42964,230,43753,252,38270
203,267,40005,230,45147,274,40488,243,42985,236,43763,258,38282
204,269,40136,231,45278,275,40619,244,43116,237,43894,259,38413
205,269,40196,231,45338,275,40679,244,43176,238,43954,259,38473
206,273,40456,234,45598,281,40895,249,43436,243,44214,264,38683
207,273,40474,234,45616,281,40913,249,43454,243,44232,264,38701
208,273,40486,234,45628,281,40925,249,43466,243,44244,264,38713
209,273,40516,234,45658,281,40955,249,43496,243,44274,264,38743
210,273,40580,234,45722,281,41019,250,43560,243,44338,264,38807
211,273,40837,234,45979,281,41276,250,43817,243,44595,264,39064
212,274,41223,235,46365,282,41662,251,44203,245,44981,266,39450
213,275,41276,236,46418,283,41715,251,44256,245,45034,266,39503
214,275,41429,236,46571,283,41868,251,44409,245,45187,266,39656
215,275,41686,236,46828,283,42125,251,44666,245,45444,267,39913
216,275,41702,236,46844,284,42141,251,44682,245,45460,267,39929
