benchmark number,best,base,base+g,best-d
1,0.0538888888889,0.0555555555556,0.0472222222222,0.0563888888889
2,6.02083333333,6.02027777778,6.01972222222,6.04277777778
3,0.0338888888889,0.681666666667,0.0361111111111,0.0791666666667
4,0.0102777777778,1.23222222222,0.923611111111,0.785555555556
5,0.0105555555556,0.0111111111111,0.01,0.0125
6,0.015,0.035,0.0244444444444,0.0288888888889
7,0.00222222222222,0.00222222222222,0.00361111111111,0.00222222222222
8,0.0316666666667,0.941944444444,0.0316666666667,0.0372222222222
9,6.02,6.01861111111,6.01638888889,6.0175
10,0.00861111111111,0.00611111111111,0.00611111111111,0.0147222222222
11,6.03277777778,6.02638888889,6.02944444444,6.02083333333
12,0.132222222222,0.198888888889,0.171388888889,0.174444444444
13,0.00333333333333,0.00333333333333,0.00444444444444,0.00333333333333
14,0.890555555556,2.20194444444,1.94444444444,1.57361111111
15,0.256388888889,0.315,0.421944444444,0.536666666667
16,0.00611111111111,0.101111111111,0.00888888888889,0.00611111111111
17,6.01972222222,6.02194444444,6.0475,6.01972222222
18,6.02555555556,6.01805555556,6.01805555556,6.02027777778
19,0.00833333333333,0.0105555555556,0.00611111111111,0.00944444444444
20,1.0425,1.07444444444,0.203611111111,1.12694444444
21,1.08277777778,2.01972222222,2.19888888889,2.00361111111
22,6.01805555556,6.0225,6.02194444444,6.02138888889
23,0.0236111111111,0.231666666667,0.0255555555556,0.0272222222222
24,1.11027777778,1.11861111111,1.09638888889,1.29861111111
25,0.100277777778,0.104166666667,0.102777777778,0.111944444444
26,0.0188888888889,0.0325,0.0183333333333,0.0391666666667
27,1.20972222222,3.0375,2.28583333333,2.81666666667
28,0.00222222222222,0.00277777777778,0.00222222222222,0.00222222222222
29,3.05361111111,3.07861111111,3.05444444444,3.10083333333
30,0.0294444444444,0.0327777777778,0.0466666666667,0.0758333333333
31,0.00277777777778,0.00361111111111,0.00388888888889,0.00333333333333
32,0.0269444444444,0.367222222222,0.02,0.0297222222222
33,0.192777777778,0.659166666667,0.603888888889,0.240555555556
34,0.00944444444444,0.00944444444444,0.00666666666667,0.0122222222222
35,0.259444444444,0.351388888889,0.408055555556,0.302222222222
36,0.0177777777778,0.0461111111111,0.0172222222222,0.0291666666667
37,0.0105555555556,0.00638888888889,0.00666666666667,0.00583333333333
38,0.00333333333333,0.00333333333333,0.00361111111111,0.00277777777778
39,6.03194444444,6.05111111111,6.05166666667,6.05166666667
40,0.0272222222222,0.192777777778,0.199722222222,0.0308333333333
41,0.00666666666667,0.00888888888889,0.00611111111111,0.00694444444444
42,0.0616666666667,0.203888888889,0.107222222222,0.0705555555556
43,0.0522222222222,0.143611111111,0.117777777778,0.148055555556
44,0.0025,0.00277777777778,0.0025,0.00277777777778
45,0.00388888888889,0.0188888888889,0.00444444444444,0.005
46,0.0247222222222,0.885277777778,0.0533333333333,0.0241666666667
47,0.00194444444444,0.00194444444444,0.00194444444444,0.00305555555556
48,0.0111111111111,0.0166666666667,0.00916666666667,0.015
49,0.0166666666667,0.0177777777778,0.0205555555556,0.0191666666667
50,0.175,0.251666666667,0.265,0.291388888889
51,0.00666666666667,0.055,0.0511111111111,0.0116666666667
52,0.015,0.0211111111111,0.0172222222222,0.015
53,1.73055555556,1.75916666667,1.83555555556,1.73833333333
54,0.0555555555556,0.055,0.0433333333333,0.0594444444444
55,1.15972222222,1.575,1.40694444444,1.30444444444
56,0.0413888888889,0.616666666667,0.358888888889,0.04
57,0.0205555555556,0.23,0.0172222222222,0.0205555555556
58,0.0311111111111,0.0805555555556,0.0283333333333,0.0313888888889
59,0.0144444444444,0.0238888888889,0.0408333333333,0.0222222222222
60,0.163055555556,0.224722222222,0.220277777778,0.190833333333
61,0.0102777777778,0.00916666666667,0.00694444444444,0.0102777777778
62,6.02138888889,6.01944444444,6.02055555556,6.02
63,0.143333333333,0.256666666667,0.218333333333,0.288055555556
64,0.0363888888889,0.152222222222,0.0466666666667,0.174444444444
65,0.00222222222222,0.00222222222222,0.00222222222222,0.00222222222222
66,0.0333333333333,0.750555555556,0.0302777777778,0.179722222222
67,0.285,0.320555555556,0.3625,0.217222222222
68,6.01944444444,6.0225,6.0225,6.02111111111
69,0.00166666666667,0.00222222222222,0.00222222222222,0.0025
70,0.156111111111,0.197777777778,0.195833333333,0.158611111111
71,0.813888888889,1.16472222222,0.973611111111,1.10305555556
72,1.71333333333,2.85916666667,2.01527777778,1.92388888889
73,0.00222222222222,0.00222222222222,0.00222222222222,0.00222222222222
74,0.00388888888889,0.0208333333333,0.00444444444444,0.005
75,0.146666666667,0.251111111111,0.240555555556,0.145555555556
76,0.00333333333333,0.00333333333333,0.00388888888889,0.00444444444444
77,6.02166666667,6.02361111111,6.01972222222,6.01944444444
78,0.05,0.359722222222,0.0644444444444,0.219444444444
79,0.00944444444444,0.359444444444,0.0194444444444,0.0105555555556
80,0.00388888888889,0.00444444444444,0.00416666666667,0.00388888888889
81,0.0138888888889,0.347222222222,0.0127777777778,0.0127777777778
82,6.02166666667,6.01861111111,6.02111111111,6.01805555556
83,6.025,6.02166666667,6.03055555556,6.04277777778
84,0.0322222222222,0.758888888889,0.103333333333,0.0766666666667
85,0.190277777778,0.400277777778,0.243888888889,0.31
86,0.205277777778,0.284166666667,0.218888888889,0.201111111111
87,0.00777777777778,0.00777777777778,0.00777777777778,0.00944444444444
88,1.37361111111,1.67166666667,1.36666666667,1.48583333333
89,0.0127777777778,0.00611111111111,0.00388888888889,0.00444444444444
90,0.00277777777778,0.00277777777778,0.00277777777778,0.00333333333333
91,0.0188888888889,0.0311111111111,0.0188888888889,0.0388888888889
92,0.00166666666667,0.0025,0.00222222222222,0.00222222222222
93,0.215555555556,0.883888888889,0.353055555556,0.321111111111
94,0.00166666666667,0.00166666666667,0.00166666666667,0.00222222222222
95,0.273333333333,6.01638888889,0.261111111111,0.252222222222
96,0.00222222222222,0.0025,0.00277777777778,0.00222222222222
97,0.0133333333333,0.0655555555556,0.0127777777778,0.025
98,6.02138888889,6.02111111111,6.01944444444,6.01805555556
99,6.02027777778,6.01888888889,6.02194444444,4.89055555556
100,0.00555555555556,0.0358333333333,0.00444444444444,0.00611111111111
101,0.292777777778,1.08555555556,0.747777777778,0.516388888889
102,0.00166666666667,0.00166666666667,0.00166666666667,0.00166666666667
103,0,0,0.000277777777778,0.000277777777778
104,6.01444444444,5.99722222222,5.99777777778,6.01333333333
105,0.0166666666667,0.0205555555556,0.0194444444444,0.0161111111111
106,0.401111111111,0.404444444444,0.301666666667,0.388333333333
107,0.00611111111111,0.00694444444444,0.00888888888889,0.0152777777778
108,0.00361111111111,0.00444444444444,0.00388888888889,0.00444444444444
109,0.0155555555556,0.0577777777778,0.0122222222222,0.0144444444444
110,0.00138888888889,0.00222222222222,0.00222222222222,0.00222222222222
111,0.666111111111,2.5225,3.155,4.16888888889
112,0.005,0.00916666666667,0.00555555555556,0.0116666666667
113,1.29166666667,2.42666666667,2.46194444444,2.67333333333
114,0.0177777777778,0.255555555556,0.00722222222222,0.00666666666667
115,0.0155555555556,0.237777777778,0.0172222222222,0.0175
116,6.04833333333,6.04638888889,6.02361111111,6.02277777778
117,0.00222222222222,0.0025,0.00194444444444,0.00305555555556
118,1.86833333333,2.02638888889,1.81027777778,1.97888888889
119,0.00333333333333,0.00305555555556,0.00277777777778,0.00333333333333
120,0.01,0.0344444444444,0.01,0.02
121,0.01,0.129444444444,0.00861111111111,0.0177777777778
122,0.00277777777778,0.00277777777778,0.00277777777778,0.00277777777778
123,2.40083333333,6.02361111111,2.40027777778,2.40277777778
124,0.117222222222,0.189722222222,0.0988888888889,0.197222222222
125,0.913333333333,0.901944444444,0.894166666667,0.893333333333
126,0.116111111111,0.536388888889,0.14,0.0561111111111
127,0.131944444444,0.119444444444,0.151388888889,0.140555555556
128,0.00388888888889,0.0263888888889,0.005,0.005
129,0.259444444444,0.291111111111,0.268333333333,0.261111111111
130,0.0133333333333,0.0388888888889,0.0194444444444,0.0361111111111
131,0.00777777777778,0.109444444444,0.120555555556,0.00722222222222
132,1.62583333333,1.99416666667,1.52555555556,1.83805555556
133,0.00888888888889,0.00888888888889,0.00888888888889,0.0127777777778
134,0.00611111111111,0.00888888888889,0.00555555555556,0.00722222222222
135,0.015,0.0577777777778,0.0936111111111,0.0425
136,0.288333333333,0.38,0.278333333333,0.267222222222
137,6.05083333333,6.02166666667,6.02222222222,6.02277777778
138,0.00166666666667,0.00222222222222,0.00166666666667,0.00194444444444
139,6.02166666667,6.02166666667,6.02027777778,6.04972222222
140,0.00388888888889,0.00944444444444,0.00333333333333,0.00388888888889
141,3.36138888889,3.33444444444,3.16444444444,3.35722222222
142,0.0155555555556,0.0444444444444,0.0288888888889,0.0327777777778
143,6.04,6.02222222222,6.02555555556,6.02861111111
144,0.106944444444,0.145555555556,0.145277777778,0.195555555556
145,0.342777777778,0.840833333333,0.41,0.416666666667
146,0.00388888888889,0.00333333333333,0.00444444444444,0.00583333333333
147,0.141111111111,0.677777777778,0.348611111111,0.0908333333333
148,0.174722222222,0.803611111111,0.9075,0.168888888889
149,0.0533333333333,0.333333333333,0.0544444444444,0.0977777777778
150,0.005,0.00388888888889,0.00333333333333,0.00444444444444
151,6.03444444444,6.03194444444,6.04138888889,6.05222222222
152,0.0647222222222,0.599722222222,0.134444444444,0.0433333333333
153,0.00222222222222,0.00166666666667,0.00194444444444,0.00166666666667
154,0.085,0.295555555556,0.095,0.128888888889
155,1.16583333333,1.1425,0.994722222222,1.2425
156,2.74694444444,2.76027777778,2.8375,2.75972222222
157,0.00166666666667,0.00166666666667,0.00222222222222,0.00138888888889
158,0.00166666666667,0.00166666666667,0.0025,0.00194444444444
159,0.00166666666667,0.00166666666667,0.00222222222222,0.00166666666667
160,0.00388888888889,0.00333333333333,0.00333333333333,0.00333333333333
161,0.377222222222,4.10583333333,0.604722222222,0.563611111111
162,6.01972222222,6.02694444444,6.02305555556,6.02916666667
163,0.0161111111111,0.0161111111111,0.0166666666667,0.0155555555556
164,0.281666666667,0.576666666667,0.447222222222,0.4425
165,6.05083333333,6.02555555556,6.03222222222,6.05083333333
166,6.02722222222,6.01861111111,6.02083333333,6.02333333333
167,0.0122222222222,0.0338888888889,0.0122222222222,0.0202777777778
168,0.116111111111,1.28888888889,0.136388888889,0.128888888889
169,0.00166666666667,0.0025,0.00194444444444,0.00277777777778
170,0.912777777778,0.906944444444,0.908055555556,0.907777777778
171,0.11,0.113611111111,0.117222222222,0.109444444444
172,0.00222222222222,0.00222222222222,0.00222222222222,0.00222222222222
173,0.0166666666667,0.0233333333333,0.0177777777778,0.0288888888889
174,6.01972222222,6.05194444444,6.05027777778,6.05055555556
175,6.01833333333,6.01972222222,6.02166666667,6.01833333333
176,0.00611111111111,0.00555555555556,0.00611111111111,0.00555555555556
177,0.121666666667,0.165,0.154444444444,0.155555555556
178,0.0172222222222,0.0211111111111,0.00944444444444,0.0272222222222
179,0.0238888888889,0.015,0.0144444444444,0.0244444444444
180,0.00222222222222,0.00305555555556,0.0516666666667,0.00333333333333
181,0.00444444444444,0.00444444444444,0.00444444444444,0.005
182,6.02166666667,6.01861111111,6.01972222222,6.02138888889
183,0.0025,0.00222222222222,0.00194444444444,0.00222222222222
184,0.00333333333333,0.00333333333333,0.00416666666667,0.00333333333333
185,0.00388888888889,0.0183333333333,0.005,0.005
186,0.00138888888889,0.00166666666667,0.00138888888889,0.00166666666667
187,0.154722222222,0.245,0.246111111111,0.226666666667
188,0.00444444444444,0.00333333333333,0.00277777777778,0.005
189,0.214444444444,0.218333333333,0.219722222222,0.226388888889
190,0.00611111111111,0.00722222222222,0.00611111111111,0.00944444444444
191,0.00222222222222,0.00222222222222,0.00222222222222,0.00222222222222
192,0.0277777777778,0.0516666666667,0.0794444444444,0.0472222222222
193,1.66638888889,1.49055555556,1.89305555556,1.70416666667
194,0.0388888888889,0.630555555556,0.0116666666667,0.0183333333333
195,1.58416666667,1.6825,2.00861111111,1.88305555556
196,0.0541666666667,0.015,0.005,0.0075
197,6.01277777778,5.99833333333,6.00611111111,6.00444444444
198,0.0333333333333,0.0394444444444,0.0455555555556,0.055
199,6.01694444444,6.02305555556,6.02722222222,6.01666666667
200,1.23083333333,1.38916666667,1.22333333333,1.22944444444
201,0.165,0.313055555556,0.227777777778,0.203888888889
202,0.0158333333333,0.0211111111111,0.0213888888889,0.0158333333333
203,0.195555555556,4.0875,3.37472222222,0.142777777778
204,0.015,0.025,0.04,0.0222222222222
205,0.178611111111,0.842222222222,0.357222222222,0.328333333333
206,0.00666666666667,0.00833333333333,0.00611111111111,0.00611111111111
207,0.00388888888889,0.0172222222222,0.005,0.005
208,0.0222222222222,0.0722222222222,0.0227777777778,0.0733333333333
209,6.05027777778,6.04027777778,6.04944444444,6.05138888889
210,0.00333333333333,0.00333333333333,0.00277777777778,0.0513888888889
211,0.0155555555556,0.227777777778,0.0116666666667,0.0138888888889
212,0.00277777777778,0.00361111111111,0.00222222222222,0.00277777777778
213,0.205555555556,0.761111111111,0.867222222222,0.211111111111
214,1.19944444444,1.475,1.20361111111,1.31194444444
215,1.20277777778,1.60833333333,1.19888888889,1.45916666667
216,0.00194444444444,0.00138888888889,0.00222222222222,0.00138888888889
217,0.00444444444444,0.00361111111111,0.00361111111111,0.00388888888889
218,0.0236111111111,0.0230555555556,0.0238888888889,0.0244444444444
219,0.00166666666667,0.00222222222222,0.00222222222222,0.00222222222222
220,6.0225,6.02138888889,6.01861111111,6.02027777778
221,0.00222222222222,0.00222222222222,0.00222222222222,0.00222222222222
222,0.00194444444444,0.00194444444444,0.00194444444444,0.00138888888889
223,0.0672222222222,0.139166666667,0.0816666666667,0.0666666666667
224,0.00166666666667,0.00166666666667,0.00194444444444,0.00138888888889
225,0.0797222222222,1.09777777778,0.8375,0.0858333333333
226,0.00222222222222,0.00166666666667,0.00194444444444,0.00222222222222
227,6.02111111111,6.045,6.02166666667,6.01861111111
228,0.0416666666667,0.0566666666667,0.0566666666667,0.103333333333
229,0.316388888889,0.331111111111,0.352777777778,0.195833333333
230,0.0766666666667,0.112222222222,0.103333333333,0.142777777778
231,6.02361111111,6.02027777778,6.0225,6.02138888889
232,6.01833333333,6.02,6.01833333333,6.02055555556
233,6.01805555556,6.02222222222,6.02305555556,6.02166666667
234,0.00388888888889,0.005,0.00333333333333,0.00444444444444
235,0.0327777777778,0.754722222222,0.0555555555556,0.225
236,0.52,1.40277777778,1.58027777778,0.555833333333
237,4.07944444444,6.0525,6.05083333333,6.05111111111
238,0.101111111111,0.125833333333,0.163333333333,0.137777777778
239,0.00138888888889,0.00222222222222,0.00194444444444,0.00166666666667
240,0.0875,0.424166666667,0.0944444444444,0.0897222222222
241,0.00222222222222,0.00277777777778,0.00333333333333,0.00333333333333
242,0.00888888888889,0.0161111111111,0.00388888888889,0.005
243,0.00277777777778,0.00361111111111,0.00277777777778,0.00333333333333
244,0.065,0.2975,0.174444444444,0.0708333333333
245,0.0238888888889,0.0980555555556,0.00777777777778,0.0238888888889
246,0.302222222222,0.331944444444,0.328055555556,0.312777777778
247,0.00222222222222,0.00166666666667,0.00194444444444,0.00222222222222
248,0.05,0.328611111111,0.126666666667,0.187222222222
249,0.996666666667,1.06916666667,1.0775,1.36027777778
250,0.00277777777778,0.00333333333333,0.00222222222222,0.0025
251,0.00333333333333,0.0122222222222,0.00444444444444,0.00388888888889
252,0.0155555555556,0.0205555555556,0.0197222222222,0.0152777777778
253,0.00333333333333,0.00388888888889,0.00333333333333,0.00277777777778
254,6.05111111111,6.02361111111,6.02416666667,6.02111111111
255,6.02194444444,6.02027777778,6.02,6.02388888889
256,6.05083333333,6.04527777778,6.05111111111,6.05166666667
257,1.62777777778,1.99194444444,1.92194444444,1.99416666667
258,6.0225,6.02166666667,6.02861111111,6.02472222222
259,0.0466666666667,0.0463888888889,0.0472222222222,0.045
260,0.155,0.828611111111,0.638333333333,0.167777777778
261,0.850277777778,0.848611111111,0.841944444444,0.842222222222
262,0.0227777777778,0.0127777777778,0.0116666666667,0.0202777777778
263,0.00416666666667,0.00388888888889,0.00277777777778,0.00333333333333
264,0.0205555555556,0.0505555555556,0.015,0.0222222222222
265,6.02305555556,6.02361111111,6.02138888889,6.02166666667
266,2.62083333333,5.65722222222,5.76055555556,2.27
267,0.246111111111,0.244722222222,0.331666666667,0.237777777778
268,0.0227777777778,0.0233333333333,0.0269444444444,0.0244444444444
269,6.04388888889,6.05083333333,6.05111111111,6.045
270,1.04166666667,1.04194444444,1.04083333333,1.13194444444
271,6.035,6.02055555556,6.03527777778,6.02083333333
272,0.120555555556,0.144166666667,0.142222222222,0.141111111111
273,3.20194444444,6.01805555556,5.32027777778,5.53027777778
274,0.0122222222222,0.0119444444444,0.00638888888889,0.00888888888889
275,0.00166666666667,0.00166666666667,0.00222222222222,0.00166666666667
276,0.0827777777778,0.230277777778,0.199166666667,0.0683333333333
277,0.00805555555556,0.00333333333333,0.01,0.00333333333333
278,0.005,0.00555555555556,0.00611111111111,0.00611111111111
279,0.00166666666667,0.00166666666667,0.00194444444444,0.00166666666667
280,0.175,0.213333333333,0.279444444444,0.305
281,0.0172222222222,0.260833333333,0.0155555555556,0.0416666666667
282,0.00222222222222,0.00333333333333,0.00166666666667,0.00194444444444
283,1.28055555556,1.28277777778,1.29694444444,1.27388888889
284,0.0483333333333,0.0458333333333,0.0227777777778,0.0519444444444
285,0.0211111111111,0.209444444444,0.00833333333333,0.0216666666667
286,0.025,0.635,0.0961111111111,0.0230555555556
287,0.0558333333333,0.603888888889,0.0583333333333,0.0988888888889
288,0.609444444444,6.02194444444,6.02194444444,6.02027777778
289,3.86111111111,6.02388888889,6.03944444444,6.05277777778
290,0.00611111111111,0.00583333333333,0.00666666666667,0.00694444444444
291,0.00444444444444,0.00333333333333,0.00277777777778,0.00444444444444
